{"cameraMode":{"drawMode":0,"name":"Shaded","section":"Shading Mode"},"sceneLighting":false,"audioPlay":false,"sceneViewState":{"showFog":false,"showMaterialUpdate":false,"showSkybox":false,"showFlares":false,"showImageEffects":true,"showParticleSystems":true},"in2DMode":false,"pivot":{"x":0.36000001430511477,"y":2.4392175674438478,"z":0.4099999666213989},"rotation":{"x":0.07401196658611298,"y":-0.41050875186920168,"z":0.03345242142677307,"w":0.9082322120666504},"size":11.277582168579102,"orthographic":false}