{"cameraMode":{"drawMode":0,"name":"Shaded","section":"Shading Mode"},"sceneLighting":false,"audioPlay":false,"sceneViewState":{"showFog":false,"showMaterialUpdate":false,"showSkybox":false,"showFlares":false,"showImageEffects":true,"showParticleSystems":true},"in2DMode":false,"pivot":{"x":1.510263442993164,"y":-0.5510778427124023,"z":0.6305046081542969},"rotation":{"x":0.15918539464473725,"y":0.10639467090368271,"z":-0.017258457839488984,"w":0.9813472628593445},"size":45.35661697387695,"orthographic":false}