{"cameraMode":{"drawMode":0,"name":"Shaded","section":"Shading Mode"},"sceneLighting":false,"audioPlay":false,"sceneViewState":{"showFog":false,"showMaterialUpdate":false,"showSkybox":false,"showFlares":false,"showImageEffects":true,"showParticleSystems":true},"in2DMode":false,"pivot":{"x":3.609999656677246,"y":0.789217472076416,"z":0.3600001335144043},"rotation":{"x":0.4454873204231262,"y":0.12286365777254105,"z":-0.061870522797107699,"w":0.8846568465232849},"size":37.3294563293457,"orthographic":false}